id,pharmacy_id,name,strength,unit,price,available,stock_qty,mrp,offer_text,image_url,category,use_for
1,5,Paracetamol,500mg,strip,20.0,1,191,21.74,"8% OFF",https://encrypted-tbn0.gstatic.com/images?q=tbn:ANd9GcRGsetPRGd2yrrF1WvDTwwO1dr97izoLMZMlA&s,"","Fever and mild pain relief"
2,6,Ibuprofen,200mg,strip,35.0,1,150,38.89,"10% OFF",https://5.imimg.com/data5/SELLER/Default/2023/6/319597573/MH/NE/SR/135658020/ibuprofen-400-mg-bp-tablets.jpg,"",""
3,7,Azithromycin,250mg,strip,95.0,1,60,107.95,"12% OFF",https://ipro.blob.core.windows.net/mydocuments/_doxycycline-uses.jpg,"","Bacterial infection treatment"
4,8,Cetirizine,10mg,strip,28.0,1,140,32.94,"15% OFF",https://www.montagelabs.com/product-images/Chlorpheniramine-Maleate-Injec-1716274222.jpg,"","Allergy and itching relief"
5,9,ORS,"WHO Formula",pack,18.0,1,90,21.95,"18% OFF",https://healthvit.com/cdn/shop/files/i4pdkvwj7dt41n4ycshk.jpg?v=1738541784,"","Dehydration in diarrhea and vomiting"
6,10,"Vitamin C",500mg,bottle,120.0,1,75,153.85,"22% OFF",https://images-cdn.ubuy.co.in/6875260837b6cf82d20e386f-nature-made-extra-strength-d3-5-000-iu.jpg,"","Immunity and antioxidant support"
8,5,Crocin,650mg,strip,34.0,1,90,48.57,"30% OFF","https://ik.imagekit.io/wlfr/wellness/images/products/321214-1.JPG/tr:w-3840,c-at_max,cm-pad_resize,ar-1210-700,pr-true,f-auto,q-70,l-image,i-Wellness_logo_BDwqbQao9.png,lfo-bottom_right,w-200,h-90,c-at_least,cm-pad_resize,l-end","",""
9,6,Calpol,500mg,strip,26.0,1,110,27.37,"5% OFF",https://www.bbassets.com/media/uploads/p/l/1200009962_2-calpol-500-tablet.jpg,"",""
12,7,Zincovit,multivitamin,bottle,145.0,1,55,164.77,"12% OFF",https://cdn01.pharmeasy.in/dam/products_otc/I14733/zincovit-cl-bottle-of-200ml-syrup-3-1749791119.jpg?dim=1440x1440&q=75,"",""
13,8,Paracetamol,650mg,strip,24.0,1,180,28.24,"15% OFF",https://encrypted-tbn0.gstatic.com/images?q=tbn:ANd9GcRGsetPRGd2yrrF1WvDTwwO1dr97izoLMZMlA&s,"","Fever and mild pain relief"
14,9,Levocetirizine,5mg,strip,38.0,1,90,46.34,"18% OFF",https://tiimg.tistatic.com/fp/1/007/645/cetirizine-tablets-317.jpg,"","Allergy symptom relief"
15,10,Omeprazole,20mg,strip,62.0,1,120,79.49,"22% OFF",https://pics.walgreens.com/prodimg/400302/3_450.jpg,"",""
16,5,Metformin,500mg,strip,48.0,1,199,64.0,"25% OFF",https://efpia.co.in/wp-content/uploads/2024/10/Glimepiride-Tablets-IP-2-MG-GLIMRIL-2-2-scaled.jpg.webp,"","Type 2 diabetes blood sugar control"
17,6,Atorvastatin,10mg,strip,145.0,1,75,207.14,"30% OFF",https://www.emedbucket.com/emedpro_img/uploads/product/main/STERIS_PHARMA/1702538500_1.jpeg,"","High cholesterol reduction"
18,7,"Vitamin D3","60000 IU",strip,96.0,1,140,101.05,"5% OFF",https://naturesbounty.com/cdn/shop/products/002843_grande.png?v=1667506615,"","Bone and calcium absorption support"
19,8,"Paracetamol 500mg","",strip,392.0,1,40,426.09,"8% OFF",https://www.mccabespharmacy.com/cdn/shop/files/PfizerParacetamol500mgFilmCoatedTablets24Pack.jpg?v=1704467734&width=2000,Everyday,""
20,9,"Crocin Advance","",strip,51.5,1,50,57.22,"10% OFF",https://5.imimg.com/data5/TI/GS/RJ/GLADMIN-42122455/selection-046-500x500-500x500.png,Everyday,""
21,10,"Dolo 650","",strip,58.0,1,60,65.91,"12% OFF",https://assets.truemeds.in/Images/ProductImage/TM-TACR1-011691/dolo-650-tablet-15_dolo-650-tablet-15--TM-TACR1-011691_1.png,Everyday,""
22,5,"ORS Sachets","",strip,64.5,1,70,75.88,"15% OFF",https://encrypted-tbn0.gstatic.com/images?q=tbn:ANd9GcQoi9dXBv8Nn4X9EgxWboaTLjVjJQdO9BSHiQ&s,Everyday,""
24,6,"Digene Tablets","",strip,77.5,1,90,99.36,"22% OFF",https://images.unsplash.com/photo-1584308666744-24d5c474f2ae?w=500,Everyday,""
25,7,"Gelusil Syrup","",strip,84.0,1,100,112.0,"25% OFF",https://encrypted-tbn0.gstatic.com/images?q=tbn:ANd9GcQbuB3XXo9JKVJPcJPhKPMiFy7kmwEZCLMK8g&s,Everyday,""
26,8,"Vicks Inhaler","",strip,90.5,1,110,129.29,"30% OFF",https://thefrenchpharmacy.co/cdn/shop/files/template_products_shopify_81.png?v=1726426615,Everyday,""
27,9,"Cough Syrup","",strip,97.0,1,40,102.11,"5% OFF",https://www.doctorbhargava.com/cdn/shop/files/Benefits_1000x.jpg?v=1753184583,Everyday,""
28,10,"Nasal Drops","",strip,103.5,1,50,112.5,"8% OFF",https://cdn01.pharmeasy.in/dam/products_otc/375380/nasivion-classic-adult-nasal-spray-10ml-6.1-1732879683.jpg,Everyday,""
29,5,"Pain Relief Spray","",strip,45.0,1,60,50.0,"10% OFF","https://onemg.gumlet.io/l_watermark_346,w_480,h_480/a_ignore,w_480,h_480,c_fit,q_auto,f_auto/65b33aab157d4cf9b6e3853254b83341.jpg",Everyday,""
30,6,"Iodine Solution","",strip,51.5,1,70,58.52,"12% OFF",https://5.imimg.com/data5/SELLER/Default/2022/3/HO/LQ/AM/11009213/betadine-vodadine-cipladine-povidone-iodine-100ml-200ml-500ml-1000ml-5l-500x500.png,Everyday,""
31,7,"Cotton Roll","",strip,58.0,1,80,68.24,"15% OFF","https://m.media-amazon.com/images/I/51IAo15WagL._AC_UF1000,1000_QL80_.jpg",Everyday,""
32,8,"Band-Aid Strips","",strip,64.5,1,90,78.66,"18% OFF",https://encrypted-tbn0.gstatic.com/images?q=tbn:ANd9GcSyfxRGvvs_yyErcqsaahPhUtlEarAG_Sxtmg&s,Everyday,""
33,9,"Dettol Antiseptic Liquid","",strip,71.0,1,100,91.03,"22% OFF",https://premmedical.in/wp-content/uploads/2020/05/dettol-antiseptic-liquid-2.jpg,Everyday,""
34,10,"Savlon Liquid","",strip,77.5,1,110,103.33,"25% OFF","https://onemg.gumlet.io/l_watermark_346,w_690,h_700/a_ignore,w_690,h_700,c_pad,q_auto,f_auto/817016e944d347f1b7fa677ce9241dd1.jpg",Everyday,""
35,5,"Hand Sanitizer","",strip,84.0,1,40,120.0,"30% OFF",https://www.moglix.com/blog/wp-content/uploads/2020/09/blog-banner-hand-sanitizer2.jpg,Everyday,""
36,6,"Thermometer (Digital)","",strip,90.5,1,50,95.26,"5% OFF",https://encrypted-tbn0.gstatic.com/images?q=tbn:ANd9GcSmkHZC2pUOgE-RA1ms2PXklCmQbX-dG8_86Q&s,Everyday,""
37,7,"Hot Water Bag","",strip,97.0,1,60,105.43,"8% OFF",https://mexple.com/cdn/shop/files/relax100website_1.webp?v=1738301926,Everyday,""
38,8,"Glucose Powder","",strip,374.0,1,70,415.56,"10% OFF",https://pluuginstore.com/cdn/shop/files/4_204430a9-9987-49c3-a453-5a42967ff43d.jpg?v=1742472615&width=1946,Everyday,""
39,9,"Energy Drink Sachet","",strip,45.0,1,80,51.14,"12% OFF","https://m.media-amazon.com/images/I/81+Y06A3AaL._AC_UF894,1000_QL80_.jpg",Everyday,""
40,10,"Fever Patch","",strip,51.5,1,90,60.59,"15% OFF","https://m.media-amazon.com/images/I/71mO5Mkpb7S._AC_UF1000,1000_QL80_.jpg",Everyday,""
41,5,"Eye Drops (Lubricant)","",strip,58.0,1,100,70.73,"18% OFF","https://images.apollo247.in/pub/media/catalog/product/R/E/REF0006_1_1.jpg?tr=q-80,f-webp,w-400,dpr-3,c-at_max%20400w",Everyday,""
42,6,"Ear Drops","",strip,64.5,1,110,82.69,"22% OFF",https://www.healingpharma.in/wp-content/uploads/2022/03/Candicort-Drops-new.jpg,Everyday,""
43,7,"Burn Ointment","",strip,71.0,1,40,94.67,"25% OFF",https://images.ctfassets.net/k8ix1sm1b48c/4Qg3rWgoP7erkiH722ZprQ/9c19ee04cc1f9d2b9f5fd4ac6dd5b11e/5oz_obwb-en-us,Everyday,""
44,8,"Headache Balm","",strip,77.5,1,50,110.71,"30% OFF","https://instamart-media-assets.swiggy.com/swiggy/image/upload/fl_lossy,f_auto,q_auto,h_600/NI_CATALOG/IMAGES/CIW/2024/7/12/fbf049a0-c91f-4205-b307-83621a9d3d95_RubsBalmSprayDecongestant_L6F0SUMD05_MN.png",Everyday,""
45,9,"Pain Relief Gel","",strip,84.0,1,60,88.42,"5% OFF",https://encrypted-tbn0.gstatic.com/images?q=tbn:ANd9GcTaCybESurGRkK4oNO2bcTPrEfM3GBQEuvYhg&s,Everyday,""
46,10,"Muscle Relaxant Tablet","",strip,90.5,1,70,98.37,"8% OFF",https://encrypted-tbn0.gstatic.com/images?q=tbn:ANd9GcQUVDNYE5CKngIzO_0aTN05d1xwvsPAVvMYpQ&s,Everyday,""
47,5,"Antihistamine Tablet","",strip,97.0,1,79,107.78,"10% OFF",https://encrypted-tbn0.gstatic.com/images?q=tbn:ANd9GcSU2beNnfkoxxbprnEMkhFhBxhM0QpvwhzIzw&s,Everyday,""
48,6,"Basic First Aid Kit","",strip,103.5,1,90,117.61,"12% OFF",https://image.made-in-china.com/202f0j00UONqVRnlEBcT/Hot-Sale-Outdoor-Travel-Emergency-Use-First-Aid-Kits.webp,Everyday,""
49,7,"Vitamin C Tablets","",bottle,180.0,1,40,211.76,"15% OFF",https://suspire.in/cdn/shop/products/VitaminC_3_1080x.jpg?v=1669359999,Vitamins,""
50,8,"Vitamin D3 Capsules","",bottle,186.5,1,50,227.44,"18% OFF",https://cdn01.pharmeasy.in/dam/products_otc/J96673/genone-calgen-d3-60k-vitamin-d3-for-boosting-immunity-healthy-bones-and-strong-muscles-20-caps-2-1710155204.jpg,Vitamins,""
51,9,"Vitamin B12 Tablets","",bottle,193.0,1,60,247.44,"22% OFF",https://www.thehimalayanorganics.in/cdn/shop/files/FrontJPG_dc93a1c2-a229-4be3-989d-23abf49b64d1.jpg?v=1740982138,Vitamins,""
52,10,"Multivitamin Tablets","",bottle,199.5,1,70,266.0,"25% OFF",https://pacome.in/wp-content/uploads/2024/07/Immunity-and-Health-Booster-1.jpg,Vitamins,""
53,5,"Zinc Tablets","",bottle,206.0,1,80,294.29,"30% OFF","https://cloudinary.images-iherb.com/image/upload/f_auto,q_auto:eco/images/now/now01522/y/72.jpg",Vitamins,"Immunity and wound healing support"
54,6,"Calcium Tablets","",bottle,268.0,1,90,282.11,"5% OFF",https://swisslifeforever.in/cdn/shop/files/Calcium_60.jpg?v=1763983189,Vitamins,"Bone strength and calcium deficiency"
55,7,"Iron Tablets","",bottle,219.0,1,99,238.04,"8% OFF",https://mycf.in/cdn/shop/files/B0751BXN4Y.MAIN.jpg?v=1752236687,Vitamins,""
56,8,"Omega-3 Capsules","",bottle,225.5,1,110,250.56,"10% OFF","https://m.media-amazon.com/images/I/7120o1GM1HL._AC_UF1000,1000_QL80_.jpg",Vitamins,"Heart and brain health support"
57,9,"Protein Powder","",bottle,356.0,1,40,404.55,"12% OFF",https://sezpronutrition.com/cdn/shop/files/chocolate_protein_powder.webp?v=1708174832,Vitamins,""
58,10,"Energy Booster Capsules","",bottle,238.5,1,50,280.59,"15% OFF",https://cdn01.pharmeasy.in/dam/products_otc/N72346/inlife-energy-booster-supplement-tribulus-green-coffee-moringa-shilajit-ashwagandha-60-veg-capsules-6.3-1671745031.jpg?dim=480x480&q=75,Vitamins,""
59,5,"Immunity Booster Syrup","",bottle,180.0,1,60,219.51,"18% OFF",https://www.raplgroup.in/assets/images/products/gallery/key-ingredinents-immunoboost-syrup.webp,Vitamins,""
60,6,"Fish Oil Capsules","",bottle,186.5,1,70,239.1,"22% OFF",https://rukminim2.flixcart.com/image/480/640/xif0q/vitamin-supplement/s/l/w/30-salmon-omega-3-fish-oil-with-epa-180mg-dha-120mg-omega-fatty-original-imahebjgvdkhza9h.jpeg?q=90,Vitamins,""
61,7,"Magnesium Tablets","",bottle,193.0,1,80,257.33,"25% OFF","https://cloudinary.images-iherb.com/image/upload/f_auto,q_auto:eco/images/cen/cen22713/y/85.jpg",Vitamins,""
62,8,"Folic Acid Tablets","",bottle,199.5,1,90,285.0,"30% OFF",https://www.medibyte.in/wp-content/uploads/2019/05/FEDSO-XT-TAB-scaled.jpg,Vitamins,"Pregnancy and anemia support"
63,9,"Biotin Capsules","",bottle,206.0,1,100,216.84,"5% OFF",https://cdn01.pharmeasy.in/dam/products_otc/G25147/nutrija-biotin-supplement-for-hair-health-reduce-hair-fall-boost-hair-growth-120-capsules-2-1714626192.jpg,Vitamins,""
64,10,"Hair & Skin Vitamins","",bottle,212.5,1,110,230.98,"8% OFF",https://encrypted-tbn0.gstatic.com/images?q=tbn:ANd9GcTt24jtVcj7VwmsPJv8baTSIeoXOLMlnblToQ&s,Vitamins,""
65,5,"Joint Health Supplements","",bottle,219.0,1,40,243.33,"10% OFF",https://encrypted-tbn0.gstatic.com/images?q=tbn:ANd9GcTJjt_274uJrPee59t4uQZnjycJGtGhrs4wnw&s,Vitamins,""
66,6,"Antioxidant Capsules","",bottle,312.0,1,50,354.55,"12% OFF",https://m.media-amazon.com/images/I/81WNopkig5L.jpg,Vitamins,""
67,7,"Kids Multivitamins","",bottle,232.0,1,60,272.94,"15% OFF","https://cloudinary.images-iherb.com/image/upload/f_auto,q_auto:eco/images/dfn/dfn00771/l/50.jpg",Vitamins,""
68,8,"Senior Citizen Multivitamins","",bottle,238.5,1,70,290.85,"18% OFF","https://m.media-amazon.com/images/I/61swG2-1n8L._AC_UF1000,1000_QL80_.jpg",Vitamins,""
69,9,"Ayurvedic Immunity Tablets","",bottle,180.0,1,80,230.77,"22% OFF","https://onemg.gumlet.io/l_watermark_346,w_480,h_480/a_ignore,w_480,h_480,c_fit,q_auto,f_auto/sescjcbadgkedtltqb5p.jpg",Vitamins,""
70,10,"Herbal Supplements","",bottle,186.5,1,90,248.67,"25% OFF",https://www.tataconsumer.com/sites/g/files/gfwrlq316/files/supplement-banner-768-X-768.jpg,Vitamins,""
71,5,"Vitamin A Capsules","",bottle,193.0,1,100,275.71,"30% OFF",https://images-static.nykaa.com/media/catalog/product/d/e/dec54c6HIMAA00000120_r1.jpg,Vitamins,""
72,6,"Vitamin E Capsules","",bottle,224.0,1,110,235.79,"5% OFF",https://www.ashpveda.com/cdn/shop/articles/Vitamin_E_Capsules_For_Face_76d2e81c-5eb9-4174-b7f6-4e68a3c56509.webp?v=1745910277&width=1100,Vitamins,""
73,7,"Probiotic Capsules","",bottle,206.0,1,40,223.91,"8% OFF","https://onemg.gumlet.io/l_watermark_346,w_480,h_480/a_ignore,w_480,h_480,c_fit,q_auto,f_auto/6b2bf94e98964a08acdf32efffb686be.jpg",Vitamins,""
74,8,"Whey Protein Sachets","",bottle,212.5,1,50,236.11,"10% OFF",https://fuelled.in/cdn/shop/files/Whey_Protein_-_Mixed_Bundle_-_Fuelled.png?v=1721476081,Vitamins,""
75,9,"Glucosamine Tablets","",bottle,219.0,1,60,248.86,"12% OFF",https://encrypted-tbn0.gstatic.com/images?q=tbn:ANd9GcRNtNWqQu1F19fdtFoAjf8LOZ_zgJ1uQalSsg&s,Vitamins,""
76,10,"Calcium + D3 Combo","",bottle,338.0,1,70,397.65,"15% OFF","https://onemg.gumlet.io/l_watermark_346,w_480,h_480/a_ignore,w_480,h_480,c_fit,q_auto,f_auto/b4ff23cb55f8407abb27d6b4a5d364da.jpg",Vitamins,""
77,5,"Iron Syrup","",bottle,232.0,1,80,282.93,"18% OFF",https://cdn01.pharmeasy.in/dam/productsnowatermark/386586/iron-red-syrup-200ml-side-6.4-1756922217-non-watermarked.jpg,Vitamins,"Pediatric and maternal anemia support"
78,6,"Immunity Gummies","",bottle,356.0,1,90,456.41,"22% OFF",https://www.cureka.com/wp-content/uploads/2023/06/Immunity-Gummy-4-600x600.jpg,Vitamins,""
79,7,Bandages,"",unit,85.0,1,40,113.33,"25% OFF",https://encrypted-tbn0.gstatic.com/images?q=tbn:ANd9GcQ6AQ0U_3B2cRLqlHk4NEEoSu2EPcHob9jOxg&s,"First Aid",""
80,8,"Cotton Pads","",unit,91.5,1,50,130.71,"30% OFF",https://www.vega.co.in/pub/media/catalog/product/c/p/cp-01_3.jpg,"First Aid",""
81,9,"Sterile Gauze","",unit,98.0,1,60,103.16,"5% OFF",https://rukminim2.flixcart.com/image/480/640/kqgyhe80/guaze-roll/i/m/u/pack-of-50-counts-gauze-swab-10-cm-x-10-cm-12-ply-sterile-swab-5-original-imag4hbwru85jg4k.jpeg?q=90,"First Aid",""
82,10,"Medical Tape","",unit,104.5,1,70,113.59,"8% OFF",https://rukminim2.flixcart.com/image/480/640/xif0q/first-aid-tape/u/5/p/non-woven-microporous-paper-tape-1-25-cm-x-5-m-pack-of-24-white-original-imagr2efkg7zws7p.jpeg?q=90,"First Aid",""
83,5,"Antiseptic Cream","",unit,111.0,1,80,123.33,"10% OFF",https://himalayawellness.in/cdn/shop/products/antiseptic-cream.jpg?v=1622099573,"First Aid",""
84,6,"Antiseptic Liquid","",unit,117.5,1,90,133.52,"12% OFF",https://cdn01.pharmeasy.in/dam/products_otc/I40695/dettol-germ-defence-antiseptic-liquid-bottle-550-ml-6.02-1770097987.jpg,"First Aid",""
85,7,"Burn Cream","",unit,124.0,1,100,145.88,"15% OFF",https://encrypted-tbn0.gstatic.com/images?q=tbn:ANd9GcRYuhi6ObzKX12OFwNUWrOu-H8edzJKvW1LOA&s,"First Aid",""
86,8,"Scissors (Medical)","",unit,130.5,1,110,159.15,"18% OFF","https://m.media-amazon.com/images/I/71wlPguLz3L._UF894,1000_QL80_.jpg","First Aid",""
87,9,Tweezers,"",unit,137.0,1,40,175.64,"22% OFF",https://www.sigmaaldrich.com/deepweb/assets/sigmaaldrich/product/images/284/044/a5cf29d5-f127-4aed-b014-62d5c6e8b49e/640/a5cf29d5-f127-4aed-b014-62d5c6e8b49e.jpg,"First Aid",""
88,10,"Disposable Gloves","",unit,143.5,1,50,191.33,"25% OFF",https://uk.unigloves.com/cdn/shop/files/P-GS002X_Glove_Box.jpg?v=1762166275,"First Aid",""
89,5,"Face Masks","",unit,85.0,1,60,121.43,"30% OFF",https://m.media-amazon.com/images/I/71le9YQOxjL.jpg,"First Aid",""
90,6,"Digital Thermometer","",unit,91.5,1,70,96.32,"5% OFF",https://easycareglobal.com/cdn/shop/files/easycare-digital-thermometer-one-button-operation_700x700.jpg?v=1758106380,"First Aid",""
91,7,"Ice Pack","",unit,98.0,1,80,106.52,"8% OFF","https://m.media-amazon.com/images/I/61rdHOy6YeL._AC_UF1000,1000_QL80_.jpg","First Aid",""
92,8,"Pain Relief Spray","",unit,104.5,1,90,116.11,"10% OFF","https://onemg.gumlet.io/l_watermark_346,w_480,h_480/a_ignore,w_480,h_480,c_fit,q_auto,f_auto/65b33aab157d4cf9b6e3853254b83341.jpg","First Aid",""
93,9,"Wound Cleaning Solution","",unit,111.0,1,100,126.14,"12% OFF",https://encrypted-tbn0.gstatic.com/images?q=tbn:ANd9GcRcwUBG0_EQOcet5h9mjPgVxV7SO7fixVhJMw&s,"First Aid",""
94,10,"Antibiotic Ointment","",unit,117.5,1,110,138.24,"15% OFF",https://encrypted-tbn0.gstatic.com/images?q=tbn:ANd9GcQEnSv4YidaE9Vs9A5dWAZsM4-AcFBAm7u9wg&s,"First Aid",""
95,5,"Crepe Bandage","",unit,320.0,1,40,390.24,"18% OFF",https://jsbhealthcare.co.in/cdn/shop/files/Image-7_dbe45d85-589f-4c87-a98a-7050470f087d.webp?v=1737988147,"First Aid",""
96,6,"Adhesive Bandage Roll","",unit,130.5,1,49,167.31,"22% OFF",https://rukminim2.flixcart.com/image/480/640/xif0q/crepe-bandage/g/q/5/cotton-high-elastic-adhesive-bandage-10cm-x-4-5m-for-compression-original-imah8jhua7dd4mcf.jpeg?q=90,"First Aid",""
97,7,"Alcohol Swabs","",unit,137.0,1,60,182.67,"25% OFF","https://m.media-amazon.com/images/I/51+1NRtVqoL._AC_UF1000,1000_QL80_.jpg","First Aid",""
98,8,"ORS Packets","",unit,143.5,1,70,205.0,"30% OFF",https://images.apollo247.in/pub/media/catalog/product/w/a/wal0195_1_1.jpg,"First Aid",""
99,9,"Eye Wash Solution","",unit,85.0,1,80,89.47,"5% OFF",https://encrypted-tbn0.gstatic.com/images?q=tbn:ANd9GcQYSXhkscWrHK13Lzz8pda0uahxmznZC0uuKQ&s,"First Aid",""
100,10,"First Aid Box","",unit,91.5,1,90,99.46,"8% OFF",https://encrypted-tbn0.gstatic.com/images?q=tbn:ANd9GcRnAFJDnIXQFQ8VffZphkUp_ArJyHI3dOqHgg&s,"First Aid",""
101,5,"Finger Bandage","",unit,98.0,1,100,108.89,"10% OFF",https://rukminim2.flixcart.com/image/480/640/xif0q/finger-sleeve/z/v/s/1-aluminium-finger-splint-fracture-corrector-with-adjustable-original-imagnq8xwuvhnd4v.jpeg?q=90,"First Aid",""
102,6,"Burn Dressing","",unit,104.5,1,110,118.75,"12% OFF",https://gearbags.com/wp-content/uploads/2018/09/LXBD44_ARMPKG-scaled.jpg,"First Aid",""
103,7,"Hand Sanitizer","",unit,111.0,1,40,130.59,"15% OFF",https://www.moglix.com/blog/wp-content/uploads/2020/09/blog-banner-hand-sanitizer2.jpg,"First Aid",""
104,8,"Safety Pins","",unit,117.5,1,50,143.29,"18% OFF",https://encrypted-tbn0.gstatic.com/images?q=tbn:ANd9GcSN8mZnt4AilUOoQl77sNu_zx9kt4GEqLmHQg&s,"First Aid",""
105,9,"Emergency Blanket","",unit,124.0,1,60,158.97,"22% OFF","https://m.media-amazon.com/images/I/81R9Qgirs9L._AC_UF1000,1000_QL80_.jpg","First Aid",""
106,10,"Antifungal Cream","",unit,130.5,1,70,174.0,"25% OFF",https://images.meesho.com/images/products/470069834/qq8pv_512.webp?width=512,"First Aid",""
107,5,"Medical Scalpels","",unit,137.0,1,80,195.71,"30% OFF",https://images-cdn.ubuy.co.in/6941247ed1c74099d20b15d4-scalpel-sterile-blades-10-10pcs-sterile.jpg,"First Aid",""
108,6,"Emergency Contact Card","",unit,143.5,1,90,151.05,"5% OFF","https://m.media-amazon.com/images/I/710O0R4eNWL._AC_UF1000,1000_QL80_.jpg","First Aid",""
109,7,"Face Wash","",unit,140.0,1,40,152.17,"8% OFF",https://joypersonalcare.com/cdn/shop/files/Lemon_Face_Wash_Image_2_070e0012-ebe7-447a-ac27-8edae47f9a44.jpg?v=1754388525&width=1946,"Personal Care",""
110,8,"Body Wash","",unit,146.5,1,50,162.78,"10% OFF","https://m.media-amazon.com/images/I/61byf6a5nZL._AC_UF1000,1000_QL80_.jpg","Personal Care",""
111,9,Shampoo,"",unit,153.0,1,60,173.86,"12% OFF",https://www.brillare.co.in/cdn/shop/files/Hair-Fall-Control-Shampoo-2_3230a97f-5b99-4920-b47e-1e8f7ec6b027.jpg?v=1760616855&width=1500,"Personal Care",""
112,10,Conditioner,"",unit,159.5,1,70,187.65,"15% OFF",https://lovebeautyandplanet.in/cdn/shop/files/1_83539c44-47b4-4633-a43a-fbd5dd47bc63.jpg?v=1757130536&width=1946,"Personal Care",""
113,5,"Hair Oil","",unit,166.0,1,80,202.44,"18% OFF",https://justhuman.co.in/cdn/shop/files/Asset14_4209927b-44c7-41bb-a725-ea1dbe0a4215.jpg?v=1711106665&width=1500,"Personal Care",""
114,6,"Hair Serum","",unit,392.0,1,90,502.56,"22% OFF",https://images-static.nykaa.com/media/catalog/product/3/1/31462b56923700970449_v6.jpg?tr=w-500,"Personal Care",""
115,7,"Face Cream","",unit,179.0,1,100,238.67,"25% OFF",https://encrypted-tbn0.gstatic.com/images?q=tbn:ANd9GcRtUNA-n8BLXdePXgPZCUbod7U5uVSYubvkCQ&s,"Personal Care",""
116,8,Moisturizer,"",unit,185.5,1,110,265.0,"30% OFF","https://m.media-amazon.com/images/I/41fbOSXgtkL._AC_SR290,290_.jpg","Personal Care",""
117,9,"Sunscreen Lotion","",unit,192.0,1,40,202.11,"5% OFF",https://globusnaturals.com/cdn/shop/files/2-1_ab69c1d6-3003-41bc-b00a-fcce5539ea2b.jpg?v=1721816187,"Personal Care",""
118,10,"Lip Balm","",unit,198.5,1,50,215.76,"8% OFF",https://cdn.shopify.com/s/files/1/2402/9599/files/2_22fe404c-e505-4094-b5e7-2290df35886a.jpg?v=1736250753&width=1946,"Personal Care",""
119,5,Toothpaste,"",unit,140.0,1,60,155.56,"10% OFF",https://encrypted-tbn0.gstatic.com/images?q=tbn:ANd9GcRQKa9LGb-hdNtJTANDuXldptlguR7CkUmenA&s,"Personal Care",""
120,6,Toothbrush,"",unit,180.0,1,70,204.55,"12% OFF",https://mytusk.in/cdn/shop/files/1-1.png?v=1761553101&width=416,"Personal Care",""
121,7,Mouthwash,"",unit,153.0,1,80,180.0,"15% OFF",https://www.habbits.in/cdn/shop/files/Hemp-mouthwash-pack_of_2.jpg?v=1748511296,"Personal Care",""
122,8,"Hand Wash","",unit,159.5,1,90,194.51,"18% OFF",https://images-static.nykaa.com/media/catalog/product/a/4/a46218f8901314006141_1610_0.jpg,"Personal Care",""
123,9,"Hand Cream","",unit,166.0,1,100,212.82,"22% OFF",https://www.fixderma.com/cdn/shop/files/hand_cream_reviews.webp?v=1758025450,"Personal Care",""
124,10,Deodorant,"",unit,172.5,1,110,230.0,"25% OFF","https://cloudinary.images-iherb.com/image/upload/f_auto,q_auto:eco/images/dve/dve07216/y/14.jpg","Personal Care",""
125,5,Perfume,"",unit,179.0,1,40,255.71,"30% OFF",https://aafiyaperfumes.com/cdn/shop/files/671D72E5-2D1C-4201-9BFD-253542B2F7AD.jpg?v=1747812750&width=1445,"Personal Care",""
126,6,"Shaving Cream","",unit,312.0,1,50,328.42,"5% OFF",https://encrypted-tbn0.gstatic.com/images?q=tbn:ANd9GcQvKW-hIkQzmVLxDWZpdIqHIhaZ2zu_dZqwvw&s,"Personal Care",""
127,7,Razor,"",unit,192.0,1,60,208.7,"8% OFF",https://oneclickshopping.pk/wp-content/uploads/2023/09/WBM-Soft-Women-Body-Razor-2-Pcs.webp,"Personal Care",""
128,8,"After Shave Lotion","",unit,198.5,1,70,220.56,"10% OFF",https://www.shavinggracebarbers.com/wp-content/uploads/2020/10/SG-Aftershave-web.jpg,"Personal Care",""
129,9,"Anti-Dandruff Shampoo","",unit,140.0,1,80,159.09,"12% OFF",https://www.mywishcare.com/cdn/shop/files/6_c3646d3c-542b-4209-abca-85cb5b5dab3a.jpg?v=1768034413&width=1080,"Personal Care",""
130,10,"Hair Color","",unit,146.5,1,90,172.35,"15% OFF","https://m.media-amazon.com/images/I/71LvRr0+VFL._AC_UF350,350_QL80_.jpg","Personal Care",""
131,5,"Nail Cutter","",unit,153.0,1,100,186.59,"18% OFF",https://images.naptol.com/usr/local/csp/staticContent/product_images/horizontal/750x750/Nail-Clipper-With-Magnifying-Glass-1.jpg,"Personal Care",""
132,6,"Cotton Buds","",unit,224.0,1,110,287.18,"22% OFF",https://images-static.nykaa.com/media/catalog/product/5/f/5fec660MAJAB00000227_01.jpg?tr=w-500,"Personal Care",""
133,7,"Wet Wipes","",unit,374.0,1,40,498.67,"25% OFF",https://m.media-amazon.com/images/I/71fMNnLGNdL.AC_SX500.jpg,"Personal Care",""
134,8,"Facial Tissues","",unit,172.5,1,50,246.43,"30% OFF","https://m.media-amazon.com/images/I/81eBg7ftmXL._AC_UF1000,1000_QL80_.jpg","Personal Care",""
135,9,"Anti-Acne Cream","",unit,179.0,1,60,188.42,"5% OFF","https://m.media-amazon.com/images/I/71gwhXjHLvL._AC_UF350,350_QL80_.jpg","Personal Care",""
136,10,"Fairness Cream","",unit,185.5,1,70,201.63,"8% OFF",https://jmos.co.in/files/image/Himalaya%20Herbals%20Fairness%20Cream.jpg,"Personal Care",""
137,5,"Body Lotion","",unit,192.0,1,80,213.33,"10% OFF",https://d2p5rd30inmhrb.cloudfront.net/m2/media/catalog/product/c/o/copy_of_1.jpg,"Personal Care",""
138,6,"Foot Care Cream","",unit,356.0,1,90,404.55,"12% OFF",https://encrypted-tbn0.gstatic.com/images?q=tbn:ANd9GcTXjt2wyNoGgAVwl6wwL9qxcJXW1DjaG6TAhw&s,"Personal Care",""
139,7,"Baby Diapers","",unit,210.0,1,40,247.06,"15% OFF",https://www.menmoms.in/cdn/shop/files/MM-3060-L-_PK-of-24_-1a_3a4ee687-031b-4ebc-b408-7b2ffe14b5a0.jpg?v=1747394203,"Baby Care",""
140,8,"Baby Wipes","",unit,216.5,1,50,264.02,"18% OFF",https://images-cdn.ubuy.co.in/69438e9232babce9b4000a4c-pampers-baby-wipes-sensitive-perfume.jpg,"Baby Care",""
141,9,"Baby Powder","",unit,223.0,1,60,285.9,"22% OFF",https://images-static.nykaa.com/media/catalog/product/2/5/2589fa7N_8901012111048_1.jpg,"Baby Care",""
142,10,"Baby Oil","",unit,229.5,1,70,306.0,"25% OFF",https://images-static.nykaa.com/media/catalog/product/2/5/2589fa78901012113400_1.jpg?tr=w-500,"Baby Care",""
143,5,"Baby Shampoo","",unit,236.0,1,80,337.14,"30% OFF",https://images.ctfassets.net/aub2fvcyp2t8/39tZXffnAfykKscf9zj3o2/15b26ae4328b9a8b6065ea78490bb1f5/nmt_image_1_new-hi-in,"Baby Care",""
144,6,"Baby Soap","",unit,242.5,1,90,255.26,"5% OFF",https://images-static.nykaa.com/media/catalog/product/2/5/2589fa7N_8901012112397_1.jpg,"Baby Care",""
145,7,"Baby Lotion","",unit,249.0,1,100,270.65,"8% OFF","https://assets.myntassets.com/h_1440,q_75,w_1080/v1/assets/images/25747558/2023/11/7/0a9017aa-8213-4704-b7a0-fa1ab98efe3f1699336087829DaburBabyLotionContainsAloeVeraAlmondspHbalancedwithNoParabe1.jpg","Baby Care",""
146,8,"Baby Feeding Bottle","",unit,255.5,1,110,283.89,"10% OFF","https://m.media-amazon.com/images/I/616A6zD72SL._AC_UF894,1000_QL80_.jpg","Baby Care",""
147,9,"Baby Bottle Cleaner","",unit,262.0,1,40,297.73,"12% OFF",https://mothersparsh.com/cdn/shop/files/Plant-Powered-baby-cleanser-for-Clean-baby-bottle-Clean-baby-toys-pacifiers-500ml-4.webp?v=1714817483&width=1445,"Baby Care",""
148,10,"Baby Rash Cream","",unit,268.5,1,50,315.88,"15% OFF",https://m.media-amazon.com/images/I/61tZl1CS+wL.jpg,"Baby Care",""
149,5,"Baby Toothbrush","",unit,210.0,1,60,256.1,"18% OFF",https://encrypted-tbn0.gstatic.com/images?q=tbn:ANd9GcTEGHK8oa6y0bTZjzBC2M6YqqNeB2XWdaaYig&s,"Baby Care",""
150,6,"Baby Toothpaste","",unit,216.5,1,70,277.56,"22% OFF",https://images.mamaearth.in/catalog/product/m/a/mamaearth-fruit-punch-toothpaste_4_n2t9anvmgyddxb1w.jpg?format=auto&height=600,"Baby Care",""
151,7,"Baby Food Cereal","",unit,223.0,1,73,297.33,"25% OFF","https://m.media-amazon.com/images/I/813gjWq9FlL._AC_UF1000,1000_QL80_.jpg","Baby Care",""
152,8,"Baby Milk Formula","",unit,356.0,1,90,508.57,"30% OFF",https://kidscity.in/cdn/shop/files/KC05502-KC_ba456f53-33f0-4144-8ac3-a1fd76e674c6.jpg?v=1764418971,"Baby Care",""
153,9,"Baby Feeding Spoon","",unit,236.0,1,100,248.42,"5% OFF",https://littloo.in/cdn/shop/products/BabySpoon.jpg?v=1740391578,"Baby Care",""
154,10,"Baby Thermometer","",unit,242.5,1,110,263.59,"8% OFF","https://m.media-amazon.com/images/I/71yQH61Rk9L._AC_UF1000,1000_QL80_.jpg","Baby Care",""
155,5,"Baby Massage Oil","",unit,249.0,1,40,276.67,"10% OFF",https://cdn01.pharmeasy.in/dam/products_otc/264337/himalaya-baby-massage-body-oil-bottle-of-500-ml-3-1669655116.jpg,"Baby Care",""
156,6,"Baby Wet Towels","",unit,255.5,1,50,290.34,"12% OFF",https://m.media-amazon.com/images/I/71fMNnLGNdL.AC_SX500.jpg,"Baby Care",""
157,7,"Baby Napkins","",unit,262.0,1,60,308.24,"15% OFF",https://uniclan.in/wp-content/uploads/2024/02/Tips-in-choosing-the-best-baby-napkins.png,"Baby Care",""
158,8,"Baby Cotton","",unit,268.5,1,70,327.44,"18% OFF",https://baybee.co.in/cdn/shop/files/719usBUBtEL_1400x.jpg?v=1745002047,"Baby Care",""
159,9,"Baby Mosquito Repellent","",unit,210.0,1,80,269.23,"22% OFF",https://duckduckbaby.in/cdn/shop/files/DDB7364_1.jpg?v=1744802228,"Baby Care",""
160,10,"Baby Sunscreen","",unit,216.5,1,90,288.67,"25% OFF","https://m.media-amazon.com/images/I/61rqWeanQNL._AC_UF1000,1000_QL80_.jpg","Baby Care",""
161,5,"Baby Nail Scissors","",unit,223.0,1,100,318.57,"30% OFF",https://breeze-media.vega.co.in/media/catalog/product/cache/1ef41c8834aa6b772f4686b0f4051c34/v/e/vega_baby_nail_scissors_clipper_set_vbga3-06_-05.webp,"Baby Care",""
162,6,"Baby Bath Tub","",unit,229.5,1,110,241.58,"5% OFF",https://rukminim2.flixcart.com/image/328/328/xif0q/bath-tub/c/n/7/bathtub-bath-seat-with-temperature-sensor-baby-kids-bather-chair-original-imahkz3mx67dz3rs.jpeg?q=90&crop=false,"Baby Care",""
163,7,"Baby Soft Towels","",unit,236.0,1,40,256.52,"8% OFF",https://www.babyforest.in/cdn/shop/files/7_29afc635-ffcc-4364-a347-c26d9e9c90d2_2000x2000.jpg?v=1715765684,"Baby Care",""
164,8,"Baby Face Cream","",unit,242.5,1,50,269.44,"10% OFF",https://duckduckbaby.in/cdn/shop/files/DDB13527.jpg?v=1727081345,"Baby Care",""
165,9,"Baby Colic Drops","",unit,249.0,1,60,282.95,"12% OFF",https://encrypted-tbn0.gstatic.com/images?q=tbn:ANd9GcS-0eRVVJlNH78D4EAacgIfoTZDHH5p-pkwgg&s,"Baby Care",""
166,10,"Baby Vitamin Drops","",unit,255.5,1,70,300.59,"15% OFF",https://cdn01.pharmeasy.in/dam/products_otc/P26899/ultra-d3-natural-pineapple-flavour-400iu-vitamin-d3-for-infants-vitamin-drops-bottle-of-15-ml-6.2-1697181629.jpg,"Baby Care",""
167,5,"Baby Herbal Oil","",unit,262.0,1,80,319.51,"18% OFF",https://maate.in/cdn/shop/files/Slide2_b2cdf6c8-14e7-4f15-b6a4-4154091e0acf.jpg?v=1756378666&width=1500,"Baby Care",""
168,6,"Baby Skin Protection Cream","",unit,268.5,1,90,344.23,"22% OFF","https://m.media-amazon.com/images/I/71GRe2bAJ5L._AC_UF1000,1000_QL80_.jpg","Baby Care",""
169,7,"Sanitary Pads","",pack,195.0,1,40,260.0,"25% OFF",https://azah.in/cdn/shop/files/San-Pad-05_700x700.jpg?v=1759227264,"Women Health",""
170,8,"Menstrual Cups","",pack,201.5,1,50,287.86,"30% OFF",https://euassets.totmcdn.com/v4/2020/11/Your-paragraph-text-12.png,"Women Health",""
171,9,"Panty Liners","",pack,338.0,1,60,355.79,"5% OFF","https://m.media-amazon.com/images/I/61HE1KyOqaL._AC_UF1000,1000_QL80_.jpg","Women Health",""
172,10,"Period Pain Relief Tablets","",pack,214.5,1,70,233.15,"8% OFF","https://images.apollo247.in/pub/media/catalog/product/s/a/sar0244-1-.png?tr=q-80,f-webp,w-400,dpr-3,c-at_max%20400w","Women Health",""
173,5,"Iron Tablets","",pack,221.0,1,80,245.56,"10% OFF",https://mycf.in/cdn/shop/files/B0751BXN4Y.MAIN.jpg?v=1752236687,"Women Health",""
174,6,"Calcium Supplements","",pack,268.0,1,90,304.55,"12% OFF",https://media.post.rvohealth.io/wp-content/uploads/2023/11/3274941-Dec-T4-Market-Update-5-Best-Calcium-Supplements-for-2024-According-to-our-Dietitians-1296x728-Header-fcba44.jpg,"Women Health",""
175,7,"Folic Acid Tablets","",pack,234.0,1,100,275.29,"15% OFF",https://www.medibyte.in/wp-content/uploads/2019/05/FEDSO-XT-TAB-scaled.jpg,"Women Health","Pregnancy and anemia support"
176,8,"Pregnancy Test Kit","",pack,240.5,1,110,293.29,"18% OFF",https://cdn01.pharmeasy.in/dam/products_otc/226830/prega-news-pregnancy-test-kit-1-1754294108.jpg,"Women Health",""
177,9,"Prenatal Vitamins","",pack,247.0,1,40,316.67,"22% OFF",https://encrypted-tbn0.gstatic.com/images?q=tbn:ANd9GcRNaAw35ZKFwJxMOd3HDSlCN7ABd40U1XZdUg&s,"Women Health",""
178,10,"Postnatal Supplements","",pack,253.5,1,50,338.0,"25% OFF",https://m.media-amazon.com/images/I/61pEHx-NUPS.jpg,"Women Health",""
179,5,"Vaginal Wash","",pack,195.0,1,60,278.57,"30% OFF","https://m.media-amazon.com/images/I/61jUqSbosKL._AC_UF1000,1000_QL80_.jpg","Women Health",""
180,6,"Intimate Hygiene Wash","",pack,201.5,1,70,212.11,"5% OFF","https://m.media-amazon.com/images/I/81vioqZs-6L._AC_UF350,350_QL80_.jpg","Women Health",""
181,7,"Anti-Fungal Cream","",pack,208.0,1,80,226.09,"8% OFF",https://www.distacart.com/cdn/shop/products/Dr.Jrk_s-AF-Anti-Fungal-Cream_600x.jpg?v=1762271307,"Women Health",""
182,8,"PCOS Supplements","",pack,214.5,1,90,238.33,"10% OFF",https://m.media-amazon.com/images/I/71CwHyYEMUL.jpg,"Women Health",""
183,9,"Hormonal Balance Tablets","",pack,221.0,1,100,251.14,"12% OFF",https://m.media-amazon.com/images/I/61cQMk5FVbL.jpg,"Women Health",""
184,10,"Iron Syrup","",pack,227.5,1,110,267.65,"15% OFF",https://cdn01.pharmeasy.in/dam/productsnowatermark/386586/iron-red-syrup-200ml-side-6.4-1756922217-non-watermarked.jpg,"Women Health","Pediatric and maternal anemia support"
185,5,"Breast Care Cream","",pack,234.0,1,40,285.37,"18% OFF",https://5.imimg.com/data5/SELLER/Default/2022/10/SJ/CG/RV/7665709/breast-enlargement-cream.jpg,"Women Health",""
186,6,"Maternity Belt","",pack,312.0,1,50,400.0,"22% OFF",https://m.media-amazon.com/images/I/81JgseuJPAL.jpg,"Women Health",""
187,7,"Stretch Mark Cream","",pack,247.0,1,60,329.33,"25% OFF",https://encrypted-tbn0.gstatic.com/images?q=tbn:ANd9GcSgwlOtV7w-KlC1B403MeGd0T9C_KLE6P65Gw&s,"Women Health",""
188,8,"Lactation Support Capsules","",pack,253.5,1,70,362.14,"30% OFF",https://encrypted-tbn0.gstatic.com/images?q=tbn:ANd9GcSi-lF6ER5UBGTl4J0Jkq6OXia8senF_PW0Hw&s,"Women Health",""
189,9,"Menopause Supplements","",pack,195.0,1,80,205.26,"5% OFF","https://cloudinary.images-iherb.com/image/upload/f_auto,q_auto:eco/images/fhh/fhh12410/y/24.jpg","Women Health",""
190,10,"Urinary Health Tablets","",pack,320.0,1,90,347.83,"8% OFF",https://encrypted-tbn0.gstatic.com/images?q=tbn:ANd9GcRahLJTfrFHyeGJXVLwiMGwU9XDNytTzlUPCQ&s,"Women Health",""
191,5,"Vaginal Infection Tablets","",pack,208.0,1,100,231.11,"10% OFF",https://encrypted-tbn0.gstatic.com/images?q=tbn:ANd9GcRFTZCv1U7jGGBPlkswQQSbqAt6r5x7_ni6gQ&s,"Women Health",""
192,6,"Period Heating Patch","",pack,224.0,1,110,254.55,"12% OFF","https://m.media-amazon.com/images/I/61pjMT8el2L._AC_UF350,350_QL80_.jpg","Women Health",""
193,7,"Pain Relief Gel","",pack,221.0,1,40,260.0,"15% OFF",https://encrypted-tbn0.gstatic.com/images?q=tbn:ANd9GcTaCybESurGRkK4oNO2bcTPrEfM3GBQEuvYhg&s,"Women Health",""
194,8,"Fertility Supplements","",pack,227.5,1,50,277.44,"18% OFF",https://encrypted-tbn0.gstatic.com/images?q=tbn:ANd9GcRh0Xwuf3yOyUKgdV58Mh9WPao8V0wlzK-2FA&s,"Women Health",""
195,9,"Women Multivitamins","",pack,234.0,1,60,300.0,"22% OFF","https://m.media-amazon.com/images/I/61vaP+V2rVL._AC_UF350,350_QL80_.jpg","Women Health",""
196,10,"Vitamin D3 Capsules","",pack,240.5,1,70,320.67,"25% OFF",https://cdn01.pharmeasy.in/dam/products_otc/J96673/genone-calgen-d3-60k-vitamin-d3-for-boosting-immunity-healthy-bones-and-strong-muscles-20-caps-2-1710155204.jpg,"Women Health",""
197,5,"Calcium + Iron Combo","",pack,247.0,1,80,352.86,"30% OFF","https://m.media-amazon.com/images/I/61IOIhxPGLL._AC_UF1000,1000_QL80_.jpg","Women Health",""
198,6,"Intimate Wipes","",pack,356.0,1,90,374.74,"5% OFF",https://encrypted-tbn0.gstatic.com/images?q=tbn:ANd9GcTtRs9SYgH2QbnDM2wrPywKCIHnI-mHC9MWLw&s,"Women Health",""
199,7,dolo,300mg,strip,35.0,1,20,38.04,"8% OFF",https://akmedicalhall.com/wp-content/uploads/2023/05/Dolo-650-mg-1682920470-10010623-1.jpg,Everyday,""
200,8,CTZ,20MG,strip,35.0,1,69,38.89,"10% OFF",https://encrypted-tbn0.gstatic.com/images?q=tbn:ANd9GcRuhffl19gTc0wsvYoY87d7eaSaUHBrov12nQ&s,Everyday,""
201,9,Dolo,650mg,strip,30.0,1,120,34.09,"12% OFF",https://akmedicalhall.com/wp-content/uploads/2023/05/Dolo-650-mg-1682920470-10010623-1.jpg,"",""
211,10,"Antacid Gel","",strip,71.0,1,80,83.53,"15% OFF",https://cdn01.pharmeasy.in/dam/products_otc/255390/digene-gel-acidity-gas-relief-200ml-mint-flavour-sugar-free-2-1710939921.jpg,Everyday,""
399,5,Pantoprazole,40mg,strip,392.0,1,80,445.45,"12% OFF",https://mcareexports.com/wp-content/uploads/2021/07/Paphzole-40mg-tab-Prector-life-sciences.jpg,"",""
418,6,Amoxicillin,500mg,strip,374.0,1,70,440.0,"15% OFF",https://irp.cdn-website.com/69c0b277/dms3rep/multi/Amoxicillin+-+Uses-+Side+Effects-+Composition-+Indications+and+Price.jpg,"","Bacterial respiratory and ENT infections"
432,7,Paracetamol,"",strip,95.0,1,35,100.0,"5% OFF",https://encrypted-tbn0.gstatic.com/images?q=tbn:ANd9GcRGsetPRGd2yrrF1WvDTwwO1dr97izoLMZMlA&s,"Infectious Diseases","Fever and mild pain relief"
433,8,Azithromycin,"",strip,103.0,1,45,111.96,"8% OFF",https://ipro.blob.core.windows.net/mydocuments/_doxycycline-uses.jpg,"Infectious Diseases","Bacterial infection treatment"
434,9,Amoxicillin,"",strip,111.0,1,55,123.33,"10% OFF",https://irp.cdn-website.com/69c0b277/dms3rep/multi/Amoxicillin+-+Uses-+Side+Effects-+Composition-+Indications+and+Price.jpg,"Infectious Diseases","Bacterial respiratory and ENT infections"
435,10,Ciprofloxacin,"",strip,119.0,1,65,135.23,"12% OFF",https://www.myvitaminstore.pk/cdn/shop/files/ciproxin-500-ciprofloxacin-10-ct-314433.jpg?v=1713778256,"Infectious Diseases","Bacterial gut and urinary infections"
436,5,Doxycycline,"",strip,127.0,1,75,149.41,"15% OFF",https://encrypted-tbn0.gstatic.com/images?q=tbn:ANd9GcS_iUd-rPAounHx_0d4GVU4jdWF3g1BzHG7GA&s,"Infectious Diseases","Bacterial and atypical infection treatment"
437,6,Metronidazole,"",strip,356.0,1,85,434.15,"18% OFF",https://encrypted-tbn0.gstatic.com/images?q=tbn:ANd9GcRkAK_4VqXVtjF4Tfj--fnQz3uLeLl1qLUIWg&s,"Infectious Diseases","Anaerobic and protozoal infections"
438,7,Cefixime,"",strip,143.0,1,35,183.33,"22% OFF",https://www.veeremedies.com/wp-content/uploads/2019/02/Vetrax-1-gm.jpg,"Infectious Diseases","Typhoid and bacterial infection treatment"
439,8,Ceftriaxone,"",strip,95.0,1,45,126.67,"25% OFF",https://www.biofieldpharma.com/wp-content/uploads/2023/06/BIOFIELD-OFLARGE-200-TAB-1-scaled.jpg,"Infectious Diseases","Severe bacterial infections"
440,9,Ofloxacin,"",strip,103.0,1,55,147.14,"30% OFF",https://encrypted-tbn0.gstatic.com/images?q=tbn:ANd9GcQ_PlbHOMY8sMjKVS2hGKBNOYL2ktdtLFE7KQ&s,"Infectious Diseases","Bacterial intestinal and urinary infections"
441,10,Levofloxacin,"",strip,111.0,1,65,116.84,"5% OFF",https://etimg.etb2bimg.com/photo/124776069.cms,"Infectious Diseases","Respiratory and urinary bacterial infections"
442,5,ORS,"",strip,119.0,1,75,129.35,"8% OFF",https://healthvit.com/cdn/shop/files/i4pdkvwj7dt41n4ycshk.jpg?v=1738541784,"Infectious Diseases","Dehydration in diarrhea and vomiting"
443,6,"Zinc Sulphate","",strip,127.0,1,85,141.11,"10% OFF",https://5.imimg.com/data5/SELLER/Default/2020/11/FV/NR/KM/111692368/albendazole-tablet.jpg,"Infectious Diseases","Diarrhea recovery and immunity support"
444,7,Albendazole,"",strip,135.0,1,35,153.41,"12% OFF",https://static01.nyt.com/images/2021/08/30/science/30virus-ivermectin/30virus-ivermectin-mediumSquareAt3X.jpg,"Infectious Diseases","Deworming and parasite infection"
445,8,Ivermectin,"",strip,143.0,1,45,168.24,"15% OFF",https://www.mountainside-medical.com/cdn/shop/files/Acyclovir-200mg-Capsules-Viona-Pharmaceuticals_700x700.jpg?v=1767628835,"Infectious Diseases","Parasitic infection treatment"
446,9,Acyclovir,"",strip,95.0,1,55,115.85,"18% OFF",https://bizimages.withfloats.com/actual/a024f50ae299477cb770cb9c369434f5.jpg,"Infectious Diseases","Herpes viral infection treatment"
447,10,Oseltamivir,"",strip,103.0,1,65,132.05,"22% OFF",https://www.alicantodrugs.com/wp-content/uploads/2023/08/Linzoid-600-Tablets.jpg,"Infectious Diseases","Influenza virus management"
448,5,Linezolid,"",strip,111.0,1,75,148.0,"25% OFF",https://fawnincor.com/wp-content/uploads/2024/11/Clinitus-300-3D.jpg,"Infectious Diseases","Resistant gram positive infections"
449,6,Clindamycin,"",strip,119.0,1,85,170.0,"30% OFF",https://encrypted-tbn0.gstatic.com/images?q=tbn:ANd9GcScObL4D-0z6i47MvgZ1GkeCP3J4Wc32eeR6g&s,"Infectious Diseases","Skin, dental, and soft tissue infections"
450,7,Nitrofurantoin,"",strip,127.0,1,35,133.68,"5% OFF",https://wellonapharma.com/admincms/product_img/product_resize_img/rifampicin-capsules_1486621893.jpg,"Infectious Diseases","Urinary tract infection treatment"
451,8,Rifampicin,"",strip,135.0,1,45,146.74,"8% OFF",https://encrypted-tbn0.gstatic.com/images?q=tbn:ANd9GcRfxCuo77KzuyM1QPBGpjayO0Pw5j8L3nSf5A&s,"Infectious Diseases","Tuberculosis and select bacterial infections"
452,9,Metformin,"",strip,188.0,1,55,208.89,"10% OFF",https://efpia.co.in/wp-content/uploads/2024/10/Glimepiride-Tablets-IP-2-MG-GLIMRIL-2-2-scaled.jpg.webp,"Lifestyle Diseases","Type 2 diabetes blood sugar control"
453,10,Glimepiride,"",strip,140.0,1,65,159.09,"12% OFF",https://img.lb.wbmdstatic.com/vim/live/webmd/consumer_assets/site_images/article_thumbnails/BigBead/how_insulin_works_bigbead/1800x1200_how_insulin_works_bigbead.jpg?resize=750px:*&output-quality=75,"Lifestyle Diseases","Type 2 diabetes blood sugar reduction"
454,5,Insulin,"",strip,148.0,1,75,174.12,"15% OFF",https://wonneinternational.com/wp-content/uploads/2022/10/WhatsApp-Image-2024-01-19-at-11.21.14-AM-1.jpeg,"Lifestyle Diseases","Diabetes glucose control"
455,6,Amlodipine,"",strip,156.0,1,85,190.24,"18% OFF",https://encrypted-tbn0.gstatic.com/images?q=tbn:ANd9GcRWYelZV985CxdTjtBZxn8DkPx8Wc-apAsvPw&s,"Lifestyle Diseases","High blood pressure control"
456,7,Losartan,"",strip,338.0,1,35,433.33,"22% OFF",https://5.imimg.com/data5/SELLER/Default/2023/9/348779314/GC/IS/JD/27431841/telmisartan-80mg-tablet-telmizor-80.jpg,"Lifestyle Diseases","Hypertension and kidney protection"
457,8,Telmisartan,"",strip,172.0,1,45,229.33,"25% OFF",https://encrypted-tbn0.gstatic.com/images?q=tbn:ANd9GcT5P_hJ2mb8sNRDCmYz8UvdKAQujhzQ8W_Ovw&s,"Lifestyle Diseases","Blood pressure management"
458,9,Atenolol,"",strip,180.0,1,55,257.14,"30% OFF",https://encrypted-tbn0.gstatic.com/images?q=tbn:ANd9GcSwScaEK6VjIEz1fuyYftxw2hku21xRUvzVIg&s,"Lifestyle Diseases","Blood pressure and heart rate control"
459,10,Atorvastatin,"",strip,188.0,1,65,197.89,"5% OFF",https://www.emedbucket.com/emedpro_img/uploads/product/main/STERIS_PHARMA/1702538500_1.jpeg,"Lifestyle Diseases","High cholesterol reduction"
460,5,Rosuvastatin,"",strip,140.0,1,75,152.17,"8% OFF",https://caresoul.in/cdn/shop/files/Bayer_Low_Dose_Aspirin_300_Tabs_1200x1200.jpg?v=1732950643,"Lifestyle Diseases","Cholesterol and cardiac risk reduction"
461,6,"Aspirin (low dose)","",strip,148.0,1,85,164.44,"10% OFF",https://encrypted-tbn0.gstatic.com/images?q=tbn:ANd9GcR95ykWR1353zipEqRuHIAWonfoEtqyqNsZKw&s,"Lifestyle Diseases","Blood thinner for heart risk"
462,7,Clopidogrel,"",strip,224.0,1,35,254.55,"12% OFF",https://www.careformulationlabs.com/uploaded_files/hydrochlorothiazide-25-tab.jpg,"Lifestyle Diseases","Anti-platelet for stroke and heart risk"
463,8,Hydrochlorothiazide,"",strip,164.0,1,45,192.94,"15% OFF",https://efpia.co.in/wp-content/uploads/2024/08/Amipril-2.5-with-tablet-scaled.jpg.webp,"Lifestyle Diseases","Hypertension and fluid control"
464,9,Ramipril,"",strip,172.0,1,55,209.76,"18% OFF",https://maxhubpharm.com/wp-content/uploads/2024/09/1000280554.jpg,"Lifestyle Diseases","Hypertension and heart protection"
465,10,Bisoprolol,"",strip,180.0,1,65,230.77,"22% OFF",https://encrypted-tbn0.gstatic.com/images?q=tbn:ANd9GcQ2VjORvtYw_ZtUD-O8LJHj9yo2tjI29t6MrQ&s,"Lifestyle Diseases","Blood pressure and heart failure support"
466,5,Ezetimibe,"",strip,188.0,1,75,250.67,"25% OFF",https://encrypted-tbn0.gstatic.com/images?q=tbn:ANd9GcRQy1U5eNEYFfe-NAKggbsyVgTUrrmUMwg_YA&s,"Lifestyle Diseases","Cholesterol absorption reduction"
467,6,"Salbutamol Inhaler","",unit,120.0,1,85,171.43,"30% OFF",https://wonneinternational.com/wp-content/uploads/2025/05/FARCOLIN-PLUS-Inhalers-2.jpeg,"Respiratory Diseases","Quick relief in asthma wheeze"
468,7,"Budesonide Inhaler","",unit,356.0,1,35,374.74,"5% OFF",https://encrypted-tbn0.gstatic.com/images?q=tbn:ANd9GcQAdFQUh6gajVStuwPsJYRyHp6ZaH6I6SN-cw&s,"Respiratory Diseases","Airway inflammation control in asthma"
469,8,Formoterol,"",strip,136.0,1,45,147.83,"8% OFF",https://encrypted-tbn0.gstatic.com/images?q=tbn:ANd9GcQJG3uMivl5JLJiKiShtPgvJbuLdgT2WuXleQ&s,"Respiratory Diseases","Long acting bronchodilator for asthma and COPD"
470,9,Montelukast,"",strip,144.0,1,55,160.0,"10% OFF",https://www.therawin.in/wp-content/uploads/2024/05/Levocetrizine-Tablet-Manufacturer-In-India.jpg,"Respiratory Diseases","Allergic asthma prevention"
471,10,Levocetirizine,"",strip,152.0,1,65,172.73,"12% OFF",https://tiimg.tistatic.com/fp/1/007/645/cetirizine-tablets-317.jpg,"Respiratory Diseases","Allergy symptom relief"
472,5,Cetirizine,"",strip,160.0,1,75,188.24,"15% OFF",https://www.montagelabs.com/product-images/Chlorpheniramine-Maleate-Injec-1716274222.jpg,"Respiratory Diseases","Allergy and itching relief"
473,6,Chlorpheniramine,"",strip,168.0,1,85,204.88,"18% OFF",https://cdn4.volusion.store/qxyca-qbdtq/v/vspfiles/photos/14059-2.jpg?v-cache=1657699370,"Respiratory Diseases","Cold and allergy symptom control"
474,7,Theophylline,"",strip,120.0,1,35,153.85,"22% OFF",https://cpimg.tistatic.com/5446681/b/5/ambroxol-15-mg-terbutaline-1-25-mg-guaiphensin-50-mg-menthol-2-5-mg.jpeg,"Respiratory Diseases","Bronchodilation in asthma and COPD"
475,8,Ambroxol,"",strip,320.0,1,45,426.67,"25% OFF",https://www.healingpharma.in/wp-content/uploads/2023/12/BROMHEXINE-SYP-.jpg,"Respiratory Diseases","Mucus thinning in productive cough"
476,9,Bromhexine,"",strip,136.0,1,55,194.29,"30% OFF",https://curistrelief.com/cdn/shop/files/Guaifenesin1200mg150ctRendering-compressed_1200x1200.png?v=1709775574,"Respiratory Diseases","Mucolytic for chest congestion"
477,10,Guaifenesin,"",strip,144.0,1,65,151.58,"5% OFF",https://encrypted-tbn0.gstatic.com/images?q=tbn:ANd9GcTfWUtMxY6NHbyJcVEOg1SsIp0M15nlW2cJIg&s,"Respiratory Diseases","Expectorant for productive cough"
478,5,"Fluticasone Nasal Spray","",unit,152.0,1,75,165.22,"8% OFF",https://cdn11.bigcommerce.com/s-pimv2ff7eu/images/stencil/1280x1280/products/10593/26166/667TR__59012.1658263725.jpg?c=1,"Respiratory Diseases","Nasal allergy and rhinitis control"
479,6,Ipratropium,"",strip,160.0,1,85,177.78,"10% OFF",https://www.pets-lifestyle.com/cdn/shop/files/omnacortil50101.png?v=1746355302,"Respiratory Diseases","Bronchodilation in COPD and asthma"
480,7,Prednisolone,"",strip,168.0,1,35,190.91,"12% OFF",https://bepharco.com/Data/Sites/1/Product/8773/nang-1.jpg,"Respiratory Diseases","Severe airway inflammation control"
481,8,Dextromethorphan,"",strip,120.0,1,45,141.18,"15% OFF",https://www.kabirlifescience.com/wp-content/uploads/2021/06/Noten-0.5.png,"Respiratory Diseases","Dry cough suppression"
482,9,Alprazolam,"",strip,188.0,1,55,229.27,"18% OFF",https://encrypted-tbn0.gstatic.com/images?q=tbn:ANd9GcTLpyPR8KjeSi5-gaJWvNEVAAMcNXpcY1ctZA&s,"Mental Health","Short term anxiety and panic control"
483,10,Diazepam,"",strip,196.0,1,65,251.28,"22% OFF",https://upload.wikimedia.org/wikipedia/commons/thumb/3/34/Rivotril%2C_%28clonazepam%29_2_mg%2C_pot_100_stuks.jpg/250px-Rivotril%2C_%28clonazepam%29_2_mg%2C_pot_100_stuks.jpg,"Mental Health","Anxiety, spasm, and seizure support"
484,5,Clonazepam,"",strip,204.0,1,75,272.0,"25% OFF",https://wellonapharma.com/admincms/product_img/product_resize_img/escitalopram-tablets-india_1736319328.jpg,"Mental Health","Panic disorder and seizure control"
485,6,Escitalopram,"",strip,212.0,1,85,302.86,"30% OFF",https://5.imimg.com/data5/SELLER/Default/2023/9/343995943/MK/PO/UH/98283251/fluoxetine-20-mg-capsule3.jpg,"Mental Health","Depression and anxiety treatment"
486,7,Fluoxetine,"",strip,312.0,1,35,328.42,"5% OFF",https://encrypted-tbn0.gstatic.com/images?q=tbn:ANd9GcRfgctQ20k8eNYfc_m-odG284tVAIlXC_aZxA&s,"Mental Health","Depression and OCD management"
487,8,Sertraline,"",strip,228.0,1,45,247.83,"8% OFF",https://encrypted-tbn0.gstatic.com/images?q=tbn:ANd9GcQ5LNObYb0E7g-E9RI6-8AcyBZPfa_K1xGeeQ&s,"Mental Health","Depression and anxiety disorders"
488,9,Amitriptyline,"",strip,180.0,1,55,200.0,"10% OFF",https://www.careformulationlabs.com/uploaded_files/olanzapine-10-tab.jpg,"Mental Health","Depression and neuropathic pain support"
489,10,Olanzapine,"",strip,188.0,1,65,213.64,"12% OFF",https://encrypted-tbn0.gstatic.com/images?q=tbn:ANd9GcTY3IYjxgIs3kHPv-EfdwtSEE0b4L7sDLbG4g&s,"Mental Health","Schizophrenia and bipolar symptom control"
490,5,Risperidone,"",strip,196.0,1,75,230.59,"15% OFF",https://tiimg.tistatic.com/fp/1/006/851/lithium-carbonate-tablets-702.jpg,"Mental Health","Psychosis and bipolar symptom control"
491,6,Lithium,"",strip,204.0,1,85,248.78,"18% OFF",https://5.imimg.com/data5/KA/TW/ZD/GLADMIN-12986585/selection-177.png,"Mental Health","Mood stabilization in bipolar disorder"
492,7,"Iron Folic Acid (IFA)","",strip,224.0,1,35,287.18,"22% OFF",https://www.thehimalayanorganics.in/cdn/shop/files/Listing3_950a7463-139d-4329-99c4-37a95b158dae.jpg?v=1758951948&width=1445,"Nutritional Deficiency","Iron deficiency anemia support"
493,8,"Vitamin B12","",strip,150.0,1,45,200.0,"25% OFF","https://cloudinary.images-iherb.com/image/upload/f_auto,q_auto:eco/images/ala/ala30202/y/37.jpg","Nutritional Deficiency","B12 deficiency and nerve health"
494,9,"Vitamin C","",strip,392.0,1,55,560.0,"30% OFF",https://images-cdn.ubuy.co.in/6875260837b6cf82d20e386f-nature-made-extra-strength-d3-5-000-iu.jpg,"Nutritional Deficiency","Immunity and antioxidant support"
495,10,"Vitamin D3","",strip,110.0,1,65,115.79,"5% OFF",https://naturesbounty.com/cdn/shop/products/002843_grande.png?v=1667506615,"Nutritional Deficiency","Bone and calcium absorption support"
496,5,"Calcium Tablets","",strip,118.0,1,75,128.26,"8% OFF",https://swisslifeforever.in/cdn/shop/files/Calcium_60.jpg?v=1763983189,"Nutritional Deficiency","Bone strength and calcium deficiency"
497,6,Multivitamins,"",strip,126.0,1,85,140.0,"10% OFF",https://herbalmax.in/cdn/shop/files/multivitamin_with_b12.jpg?v=1766552816,"Nutritional Deficiency","General nutrition supplementation"
498,7,"Zinc Tablets","",strip,356.0,1,35,404.55,"12% OFF","https://cloudinary.images-iherb.com/image/upload/f_auto,q_auto:eco/images/now/now01522/y/72.jpg","Nutritional Deficiency","Immunity and wound healing support"
499,8,"Folic Acid","",strip,142.0,1,45,167.06,"15% OFF",https://naturesbounty.com/cdn/shop/products/085606.png?v=1667506860,"Nutritional Deficiency","Red blood cell and pregnancy support"
500,9,"Protein Supplements","",strip,150.0,1,55,182.93,"18% OFF",https://dymatize.imgix.net/production/blog/Artboard-1.jpg?ar=928%3A618&auto=format%2Ccompress&fit=crop,"Nutritional Deficiency","Nutrition and muscle support"
501,10,"Omega-3 Capsules","",bottle,158.0,1,65,202.56,"22% OFF","https://m.media-amazon.com/images/I/7120o1GM1HL._AC_UF1000,1000_QL80_.jpg","Nutritional Deficiency","Heart and brain health support"
502,5,"Clotrimazole Cream","",tube,130.0,1,75,173.33,"25% OFF",https://5.imimg.com/data5/JV/UA/MY-8142050/clotrimazole-cream.jpg,"Skin Diseases","Fungal skin infection treatment"
503,6,"Ketoconazole Cream","",tube,138.0,1,85,197.14,"30% OFF",https://cpimg.tistatic.com/09661454/b/4/ketoconazole-cream.jpg,"Skin Diseases","Fungal dermatitis treatment"
504,7,"Mupirocin Ointment","",tube,146.0,1,35,153.68,"5% OFF",https://images.apollo247.in/pub/media/catalog/product/B/E/BET0058_2_1.jpg,"Skin Diseases","Bacterial skin infection treatment"
505,8,"Betnovate (Betamethasone)","",strip,154.0,1,45,167.39,"8% OFF",https://rizochem.com/wp-content/uploads/2023/09/SEO.png,"Skin Diseases","Inflammatory skin condition relief"
506,9,"Calamine Lotion","",tube,162.0,1,55,180.0,"10% OFF",https://rukminim2.flixcart.com/image/480/640/xif0q/moisturizer-cream/j/m/e/200-calamine-daily-face-care-lotion-for-oil-balance-retain-original-imahbw8fd8fenjvf.jpeg?q=90,"Skin Diseases","Itching and rash soothing"
507,10,"Permethrin Cream","",tube,170.0,1,65,193.18,"12% OFF",https://cmedia.cheapmedicineshop.com/media/iopt/catalog/product/cache/207e23213cf636ccdef205098cf3c8a3/p/e/permite_cream_5_30_gm_tube_with_permethrin.webp,"Skin Diseases","Scabies treatment"
508,5,"Salicylic Acid","",strip,178.0,1,75,209.41,"15% OFF","https://m.media-amazon.com/images/I/61d22zfqoDL._AC_UF1000,1000_QL80_.jpg","Skin Diseases","Acne and keratolytic support"
509,6,"Benzoyl Peroxide","",strip,130.0,1,85,158.54,"18% OFF",https://encrypted-tbn0.gstatic.com/images?q=tbn:ANd9GcSPf38_-Reofbo3lj-jW4st8U-1nIxqU3U9HQ&s,"Skin Diseases","Acne bacteria and inflammation control"
510,7,Isotretinoin,"",strip,180.0,1,35,230.77,"22% OFF",https://encrypted-tbn0.gstatic.com/images?q=tbn:ANd9GcRTEFipsTIau6v7rSVz1UgvLercArA4Mxojtw&s,"Skin Diseases","Severe acne treatment"
511,8,Fluconazole,"",strip,146.0,1,45,194.67,"25% OFF",https://encrypted-tbn0.gstatic.com/images?q=tbn:ANd9GcQp3e065mwi3LSiz5vzHMzXsBpj4AJCHLRKkA&s,"Skin Diseases","Fungal infection treatment"
512,9,"Iron Syrup","",bottle,149.0,1,55,212.86,"30% OFF",https://cdn01.pharmeasy.in/dam/productsnowatermark/386586/iron-red-syrup-200ml-side-6.4-1756922217-non-watermarked.jpg,"Women & Child Health","Pediatric and maternal anemia support"
513,10,"Calcium Syrup","",bottle,374.0,1,65,393.68,"5% OFF",https://www.bestbiotechindia.com/wp-content/uploads/2022/07/Calcimate-suspension.jpg,"Women & Child Health","Calcium support in children and women"
514,5,"Folic Acid Tablets","",strip,165.0,1,75,179.35,"8% OFF",https://www.medibyte.in/wp-content/uploads/2019/05/FEDSO-XT-TAB-scaled.jpg,"Women & Child Health","Pregnancy and anemia support"
515,6,Misoprostol,"",strip,173.0,1,85,192.22,"10% OFF",https://encrypted-tbn0.gstatic.com/images?q=tbn:ANd9GcS-MyqFbs07E622MJc3JgLiOMNjNmQD2oEliw&s,"Women & Child Health","Obstetric and gynecological use"
516,7,Oxytocin,"",strip,312.0,1,35,354.55,"12% OFF",https://encrypted-tbn0.gstatic.com/images?q=tbn:ANd9GcTq6wbzxYGqq8j3y5QO52AQN3sxg3V15NeEug&s,"Women & Child Health","Labor and post-partum uterine support"
517,8,"Oral Contraceptive Pills","",strip,133.0,1,45,156.47,"15% OFF",https://encrypted-tbn0.gstatic.com/images?q=tbn:ANd9GcREMeo98IMKgACaz1ZmPsnFEpsWPxtdoIrwWg&s,"Women & Child Health","Birth control and cycle regulation"
518,9,"Emergency Contraceptive (i-pill)","",strip,141.0,1,55,171.95,"18% OFF",https://wellify.in/cdn/shop/products/i-Pill-Daily-Pack-of-2.jpg?v=1674558379,"Women & Child Health","Emergency pregnancy prevention"
519,10,"Paracetamol Syrup","",bottle,149.0,1,65,191.03,"22% OFF",https://wellify.in/cdn/shop/files/i-pill-Pack-0f-02_5ca913e1-090c-467f-8ffd-fad6298c9e25.jpg?v=1710227315,"Women & Child Health","Fever and pain relief in children"
520,5,"Amoxicillin Syrup","",bottle,157.0,1,75,209.33,"25% OFF",https://www.biofieldpharma.com/wp-content/uploads/2024/12/BIOFIELD-IBUGIV-SUSP-1-scaled.jpg,"Women & Child Health","Pediatric bacterial infections"
521,6,"Zinc Syrup","",bottle,165.0,1,85,235.71,"30% OFF",https://encrypted-tbn0.gstatic.com/images?q=tbn:ANd9GcS_tF7SHL_40LUAAEmHaO-hBykOVheZ_JSCAg&s,"Women & Child Health","Child diarrhea recovery support"
522,7,"Ciprofloxacin Eye Drops","",unit,163.0,1,35,171.58,"5% OFF",https://www.practostatic.com/practopedia-images/v3/res-750/ciplox-e-e-drops-10ml_30697220-e00a-488f-b6bd-5f3d0041225a.JPG,"Eye, Ear, ENT","Bacterial eye infection treatment"
523,8,"Moxifloxacin Eye Drops","",unit,115.0,1,45,125.0,"8% OFF",https://www.practostatic.com/practopedia-images/v3/res-750/moxiford-eye-drops-5ml_05a80d2c-ed4c-4017-a9c8-fc395d2ccb4e.JPG,"Eye, Ear, ENT","Bacterial conjunctivitis treatment"
524,9,"Carboxymethylcellulose Drops","",unit,123.0,1,55,136.67,"10% OFF",https://encrypted-tbn0.gstatic.com/images?q=tbn:ANd9GcQMjq2eiwQ3nhuhi-4sSHxmxKo8KNJjfIVWVg&s,"Eye, Ear, ENT","Dry eye lubrication"
525,10,"Timolol Eye Drops","",unit,131.0,1,65,148.86,"12% OFF",https://images.apollo247.in/pub/media/catalog/product/T/I/TIM0004_1_1.jpg,"Eye, Ear, ENT","Intraocular pressure control in glaucoma"
526,5,"Ofloxacin Ear Drops","",unit,139.0,1,75,163.53,"15% OFF",https://www.practostatic.com/practopedia-images/v3/res-750/oflox-e-e-drops-5ml_efd13d40-23ab-4d57-9ad3-9c47b8849bc2.JPG,"Eye, Ear, ENT","Bacterial ear infection treatment"
527,6,"Xylometazoline Nasal Drops","",unit,147.0,1,85,179.27,"18% OFF",https://nilsanpharmaceuticals.in/wp-content/uploads/2024/11/xivanose.jpg,"Eye, Ear, ENT","Nasal congestion relief"
528,7,Oxymetazoline,"",strip,155.0,1,35,198.72,"22% OFF",https://static.meds.cvpharmacy.in/wp-content/uploads/2024/06/1055_dbb449c7-187b-439e-b971-9fd28944876c_dbb449c7-187b-439e-b971-9fd28944876c-1.jpg,"Eye, Ear, ENT","Nasal blockage relief"
529,8,"Betadine Gargle","",strip,163.0,1,45,217.33,"25% OFF",https://ik.imagekit.io/wlfr/wellness/images/products/201450-1.jpg,"Eye, Ear, ENT","Throat antiseptic gargle"
530,9,"Ear Wax Softener Drops","",unit,115.0,1,55,164.29,"30% OFF","https://m.media-amazon.com/images/I/71tsqFYVfkL._AC_UF1000,1000_QL80_.jpg","Eye, Ear, ENT","Ear wax dissolution support"
531,10,"Antihistamine Eye Drops","",unit,123.0,1,65,129.47,"5% OFF",https://m.media-amazon.com/images/I/81dcfCQKaeL.jpg,"Eye, Ear, ENT","Allergic eye itching relief"
663,5,"Durex Strawberry Flavour","",pack,95.0,1,60,121.79,"22% OFF",https://rukminim2.flixcart.com/image/480/640/xif0q/condom/g/c/j/-original-imagpx68vrp2fuh6.jpeg?q=90,"Personal Care","Contraception and safer intimacy support"
664,6,"Durex Chocolate Flavour","",pack,107.5,1,80,143.33,"25% OFF",https://rukminim2.flixcart.com/image/480/640/xif0q/condom/h/p/g/12-single-product-chocolate-01-durex-original-imahfg9sepfhfry4.jpeg?q=90,"Personal Care","Contraception and safer intimacy support"
665,7,"Durex Bubblegum Flavour","",pack,320.0,1,100,457.14,"30% OFF",https://m.media-amazon.com/images/I/61+cyhtcAlL.jpg,"Personal Care","Contraception and safer intimacy support"
666,8,"Durex Vanilla Flavour","",pack,312.0,1,120,328.42,"5% OFF",https://rukminim2.flixcart.com/image/480/480/kjabs7k0-0/condom/z/v/o/10-vanilla-popsicle-flavoured-condom-10s-1-durex-original-imafywd6wuf9btjs.jpeg?q=90,"Personal Care","Contraception and safer intimacy support"
667,9,"Manforce Strawberry","",pack,145.0,1,140,157.61,"8% OFF",https://cdn01.pharmeasy.in/dam/products_otc/I43880/manforce-cocktail-strawberry-vanilla-flav-condom-10s-1-1669711054.jpg,"Personal Care","Contraception and safer intimacy support"
668,10,"Manforce Chocolate","",pack,157.5,1,60,175.0,"10% OFF",https://rukminim2.flixcart.com/image/480/640/xif0q/condom/w/5/s/-original-imahyyx2tg5khhhs.jpeg?q=90,"Personal Care","Contraception and safer intimacy support"
669,5,"Manforce Banana","",pack,95.0,1,80,107.95,"12% OFF",https://encrypted-tbn0.gstatic.com/images?q=tbn:ANd9GcQA2yC0gKmN7lRobxXLyzu7pC6HNjCCYu058A&s,"Personal Care","Contraception and safer intimacy support"
670,6,"Manforce Orange","",pack,107.5,1,100,126.47,"15% OFF",https://m.media-amazon.com/images/I/810iUYDJ-NL.jpg,"Personal Care","Contraception and safer intimacy support"
671,7,"Manforce Paan Flavour","",pack,120.0,1,120,146.34,"18% OFF",https://m.media-amazon.com/images/I/71enaAk4CKL.jpg,"Personal Care","Contraception and safer intimacy support"
672,8,"KamaSutra Strawberry","",pack,224.0,1,140,287.18,"22% OFF",https://rukminim2.flixcart.com/image/480/640/kp2y2kw0/condom/1/4/f/10-strawberry-pleasure-flavoured-condoms-1-kamasutra-original-imag3e9zmmhgxrxe.jpeg?q=90,"Personal Care","Contraception and safer intimacy support"
673,9,"KamaSutra Pineapple","",pack,145.0,1,60,193.33,"25% OFF",https://rukminim2.flixcart.com/image/480/480/jykfxjk0/condom/h/w/k/10-pineapple-flavour-1-kamasutra-original-imafgzmnuzm9m5dr.jpeg?q=90,"Personal Care","Contraception and safer intimacy support"
674,10,"KamaSutra Mint","",pack,157.5,1,80,225.0,"30% OFF","https://m.media-amazon.com/images/I/61F0BlWPrsL._AC_UF1000,1000_QL80_.jpg","Personal Care","Contraception and safer intimacy support"
675,5,"Skore Strawberry","",pack,95.0,1,100,100.0,"5% OFF",https://www.bbassets.com/media/uploads/p/l/319324_3-skore-dotted-colored-condoms-strawberry-flavored.jpg,"Personal Care","Contraception and safer intimacy support"
676,6,"Skore Bubblegum","",pack,107.5,1,120,116.85,"8% OFF","https://m.media-amazon.com/images/I/61ph5bmoBYL._AC_UF1000,1000_QL80_.jpg","Personal Care","Contraception and safer intimacy support"
677,7,"Skore Banana","",pack,120.0,1,140,133.33,"10% OFF","https://m.media-amazon.com/images/I/71YGiLEpf-L._AC_UF1000,1000_QL80_.jpg","Personal Care","Contraception and safer intimacy support"
